{
    
  "survey": {
    "id": 1,
    "questions": [
      {
        "id": 1,
        "question": "What is your age group?",
        "choices": [
          { "id": 10, "text": "18-23" },
          { "id": 11, "text": "24-28" },
          { "id": 12, "text": "28-35" },
          { "id": 13, "text": "+35" }
        
        ]
      },
      {
        "id": 2,
        "question": "What type of vehicle do you own?",
        "choices": [
          { "id": 20, "text": "Van" },
          { "id": 21, "text": "SUV" },
          { "id": 22, "text": "Sedan" }
        
        ]
      },
      {
        "id": 3,
        "question": "Do you have your own house?",
        "choices": [
          { "id": 30, "text": "Yes" },
          { "id": 31, "text": "No" }
        
        ]
      },
      {
        "id": 4,
        "question": "What device do you use to access internet?",
        "choices": [
          { "id": 40, "text": "Smartphone" },
          { "id": 41, "text": "Laptop" },
          { "id": 42, "text": "PC" },
          { "id": 43, "text": "Tablet" }
        
        ]
      },
      {
        "id": 5,
        "question": "How many hours do you spend on internet per day?",
        "choices": [
          { "id": 50, "text": "Less that 1 hour" },
          { "id": 51, "text": "2 hours" },
          { "id": 52, "text": "3 hours" },
          { "id": 53, "text": "4 hours" }
        
        ]
      },
      {
        "id": 6,
        "question": "How much per month do you buy throughout e-commerce (e.g. Amazon)?",
        "choices": [
          { "id": 60, "text": "less than $100" },
          { "id": 61, "text": "between $101 and $300" },
          { "id": 62, "text": "between $301 and $500" },
          { "id": 63, "text": "more than $500" }
        
        ]
      }
    ]
  }
}